Регион,Индекс цен на вторичном рынке для всех типов квартир за I квартал,Индекс цен на вторичном рынке для низкого качества за I квартал,Индекс цен на вторичном рынке для среднего качества (типовые) за I квартал,Индекс цен на вторичном рынке для улучшенного качества за I квартал,Индекс цен на вторичном рынке для элитного качества за I квартал,Индекс цен на вторичном рынке для всех типов квартир за II квартал,Индекс цен на вторичном рынке для низкого качества за II квартал,Индекс цен на вторичном рынке для среднего качества (типовые) за II квартал,Индекс цен на вторичном рынке для улучшенного качества за II квартал,Индекс цен на вторичном рынке для элитного качества за II квартал,Индекс цен на вторичном рынке для всех типов квартир за IV квартал,Индекс цен на вторичном рынке для низкого качества за IV квартал,Индекс цен на вторичном рынке для среднего качества (типовые) за IV квартал,Индекс цен на вторичном рынке для улучшенного качества за IV квартал,Индекс цен на вторичном рынке для элитного качества за IV квартал,Индекс цен на вторичном рынке для всех типов квартир за период с начала года,Индекс цен на вторичном рынке для низкого качества за период с начала года,Индекс цен на вторичном рынке для среднего качества (типовые) за период с начала года,Индекс цен на вторичном рынке для улучшенного качества за период с начала года,Индекс цен на вторичном рынке для элитного качества за период с начала года
Российская Федерация,106.51,106.61,105.92,107.32,106.53,101.97,102.56,100.9,102.49,107.54,101.37,97.99,101.39,101.55,102.46,101.58,100.23,101.9,101.45,100.77
Центральный федеральный округ,105.65,112.84,105.94,104.16,108.3,102.66,101.04,101.69,101.63,109.04,100.91,98.57,101.27,100.61,101.52,101.55,102.41,101.6,101.45,101.54
Белгородская область,107.83,,105.91,109.44,,102.14,,100.19,103.73,,93.42,,97.2,90.43,,102.17,,98.67,105.12,
Брянская область,107.4,110.22,105.25,113.63,,100.18,100,99.95,100.96,,101.26,100,102.11,99.07,,101.03,100,100.85,101.93,
Владимирская область,107.3,,101.64,112.55,100,103.14,,106.94,100.08,100,99.76,,96.26,102.77,103,103.5,,104.14,103.04,100
Воронежская область,108.24,114.43,106.17,109.75,104.07,105.67,105.78,105.07,106.61,105.63,100.59,100.11,100.8,100.44,100,110.92,105.72,114,107.91,100
Ивановская область,104.14,100,103.84,104.51,105.1,102.86,96.01,98.44,110.41,100,100.71,105.66,100.64,100.88,100,101.17,151.71,100.38,102.21,100
Калужская область,111.4,99.33,112.71,107.19,,103.98,101.75,104.82,100.24,,101.18,116.64,99.78,106.08,,106.59,99.06,107.98,101.2,
Костромская область,103.02,96.62,105.09,101.43,104,106.4,109.76,106.52,107.03,100,102.29,102.95,101.03,103.61,100,99.05,86.94,99.74,98.07,105.77
Курская область,104.21,,104.93,103.7,105.37,100.88,,100.12,101.25,101.55,98.22,,101.16,96.63,97.53,101.22,,100.98,101.27,102.25
Липецкая область,114.7,,109.61,115.96,120.97,103.98,,105.71,102.74,104.44,100.76,,100.53,101.18,100,99.93,,99.79,100,100
Московская область,116.16,108.24,120.96,106.8,98.78,102.3,99.84,100.55,108.97,100,102.37,100.09,102.72,102.04,102.55,96.52,98.11,95.35,99.27,99.58
Орловская область,118.23,121.26,122.38,116.14,,100.44,100,98.04,101.68,,97.5,98,98.21,97.13,,101.81,90.06,103.8,101.23,
Рязанская область,111.13,115.2,110.83,110.11,112.07,104.22,100.29,109.63,102.85,111.33,99.17,96.87,97.26,100.2,100.49,102.96,103.41,98.41,104.03,104.75
Смоленская область,102.72,,101.56,103.95,,100.13,,100.16,100.11,,102.27,,102.96,101.55,,99.75,,99.45,100.08,
Тамбовская область,107.06,109.6,107.28,105.66,107.2,104.18,100.02,100.43,100.16,107.25,99.78,100,98.96,99.94,100,101.42,100.02,100.11,101.93,101.84
Тверская область,113.73,,109.56,113.26,118.92,99.8,,100.55,99.91,98.92,98.09,,100.92,99.35,94.15,101.79,,101.08,97.23,105.82
Тульская область,104.79,,106.42,103.87,,99.78,,101.14,99,,101.44,,100.65,101.91,,98.66,,99.19,98.35,
Ярославская область,107.16,103.69,111.42,107.3,101.36,104.55,100,104.16,104.85,104.77,100.0,101.1,96.96,100.16,103.63,99.23,107.57,112.12,96.4,93.05
Город Москва столица Российской Федерации город федерального значения,101.65,,100,100,108.11,102.16,,100,100,110.02,102.04,,102.9,101.48,102.03,101.11,,101.46,100.76,101.37
Северо-Западный федеральный округ,103.51,104.85,100.59,107.85,105.88,99.37,100.08,95.33,102.36,114.58,101.01,97.23,100.53,102.45,100.41,99.54,93.86,100.81,99.54,95.18
Республика Карелия,106.56,100,108.64,103.7,100,101.45,100,99.68,104.5,100,101.55,100,101.6,101.23,105.25,100.42,100,100.59,100.48,95.51
Республика Коми,112.56,99.07,107.27,118.04,100.83,103.9,100.26,107.07,102.46,100,103.02,110.92,101.47,103.84,102.68,106.11,101.18,103.72,108.29,100.76
Архангельская область,102.32,100.23,102.75,102.1,100.55,100.61,99.7,100.53,100.88,100.37,101.0,99.54,101.57,100.47,100.05,102.55,100.45,102.26,103.33,101.2
Ненецкий автономный округ (Архангельская область),100.02,,100.02,,,105.22,,105.22,,,105.75,,105.75,,,102.91,,102.91,,
Архангельская область (кроме Ненецкого автономного округа),102.43,100.23,103.01,102.1,100.55,100.38,99.7,100.09,100.88,100.37,100.76,99.54,101.16,100.47,100.05,102.53,100.45,102.2,103.33,101.2
Вологодская область,101.8,,100.55,103.88,,101.86,,103.03,100,,102.74,,102.76,102.7,,102.19,,101.61,103.13,
Калининградская область,108.91,104.28,107.63,108.85,114.05,115.42,100.27,115.43,119.92,116.4,97.26,98.36,88.8,95.57,117.87,100.32,98.09,102.53,99.01,98.4
Ленинградская область,102.82,100,105.14,100,100,102.34,100,101.43,104.23,100.88,101.78,105.54,101.18,102.1,101.9,99.78,99.9,99.68,99.9,99.9
Мурманская область,109.44,,107.04,113.89,,97.38,,95.84,100.03,,99.35,,98.45,100.85,,100.87,,104.51,94.96,
Новгородская область,107.62,109.41,104.63,111.13,,98.2,96.08,103.44,92.3,,104.24,101.8,95.91,115.5,,105.51,97.58,110.39,101.05,
Псковская область,104.56,116.46,105.58,100.61,,110.57,100,113.94,103.62,,101.82,106.75,101.36,102.4,,99.2,107.35,97.37,103.02,
Город Санкт-Петербург город федерального значения,100.48,105.64,96.16,106.54,105.09,96.56,100.16,89.69,101.47,116.18,101.23,96.05,101.84,103.45,96.47,97.43,91.81,99.27,97.05,93.89
Южный федеральный округ,106.33,105.15,104.47,108.73,106.2,102.67,98.2,102.65,103.24,105.1,100.18,99.12,99.57,100.9,101.62,101.94,101.19,101.82,102.21,101.68
Республика Адыгея (Адыгея),101.76,104.48,101.23,100.89,,99.55,99.83,99.38,99.55,,93.54,92.66,97.3,90.71,,101.39,99.88,104.54,99.25,
Республика Калмыкия,102.75,100,100.18,112.99,,99.93,100,99.42,101.71,,99.87,100,99.82,100,,104.41,100,105.76,100,
Республика Крым,102.5,100,102.92,100,101.31,101.46,100,100.83,106.17,100,100.07,100,100.1,99.87,100,104.76,100,105.65,100,100
Краснодарский край,110.59,100,96.34,125.01,,93.72,95.11,94.64,92.9,,97.34,100,91.53,100.83,,105.3,100,101.02,108.8,
Астраханская область,103.4,102.37,104.5,100,100,107.97,100,110.41,102.21,100,98.2,100,97.53,100.16,100.51,97.15,100,95.98,101.08,100
Волгоградская область,107.95,111.07,104.35,110.16,109.98,103.05,101.89,102.04,104.16,102.87,101.19,102.66,101.57,100.53,101.65,101.83,99.67,101.02,102.71,102.49
Ростовская область,106.71,105.22,108.64,105.54,101.63,105.59,96.39,105.03,106.98,112.34,101.89,100.31,101.25,102.62,102.15,101.11,103.4,101.37,100.62,100.84
Город федерального значения Севастополь,101.69,,102.31,100,,101.51,,102.05,100,,98.56,,98.05,100,,99.7,,99.59,100,
Северо-Кавказский федеральный округ,103.09,114.65,102.92,103.98,100.26,101.36,100,101.4,101.8,100,100.62,99.84,101,100.91,96.97,101.76,100,102.72,100.17,99.79
Республика Дагестан,100.05,100,100.1,100,,101.92,100,103.5,100.2,,106.39,100,104.41,108.79,,103.88,100,106.35,101.21,
Республика Ингушетия,103.01,,102.67,104.42,,102.21,,102.73,100.11,,94.37,,94.48,93.91,,101.75,,101.87,101.22,
Кабардино-Балкарская Республика,110.56,200,108.27,114.13,103.86,102.63,100,103.86,100,100,110.57,99,116.78,89.29,104.83,91.54,100,88.93,99.58,97.12
Карачаево-Черкесская Республика,105.76,100,108.83,100,,98.83,100,98.25,100,,106.53,100,109.79,100,,97.64,100,96.57,100,
Республика Северная Осетия-Алания,101.72,100,101.94,102.96,100,103.14,100,103.78,103.92,100,101.56,100,102.23,100,100,103.0,100,104.14,100.65,100
Чеченская Республика,101.73,,101.31,103.71,100,100.77,,101.17,100,100,99.31,,99.54,100,96.32,102.51,,103.8,100,100
Ставропольский край,112.81,120.31,120.79,105.82,,104.39,100,99.63,109.14,,102.41,100,102.62,102.38,,100.45,100,100.75,100.22,
Приволжский федеральный округ,108.51,107.83,108.2,109.64,102.57,103.24,104.23,102.67,103.86,103.3,102.49,97.7,103.18,101.95,106.9,102.74,98.54,103.5,102.18,104.45
Республика Башкортостан,104.22,101.32,103.63,105.53,100,105.28,101.56,105.59,105.07,106.04,103.19,102.96,102.42,104.54,100.39,102.32,99.65,102.2,102.76,100
Республика Марий Эл,112.65,,111.08,113.58,,103.81,,103,104.28,,105.22,,104.58,105.59,,100.96,,101.04,100.92,
Республика Мордовия,121.14,112.81,122.24,121.72,,98.76,95.46,95.59,102.09,,101.85,98.35,101.18,102.96,,102.63,96.95,107.86,99.31,
Республика Татарстан (Татарстан),106.35,106.57,103.42,111.03,97,104.47,98.3,102.92,106.67,107.45,102.4,103.07,104.35,99.71,105.34,105.45,96.31,108.55,102,97.07
Удмуртская Республика,107.78,106.9,108.13,107.92,,101.42,110.4,100.56,98.51,,101.74,91.37,103.78,104.93,,100.68,95.83,100.14,102.83,
Чувашская Республика - Чувашия,107.98,,108.03,107.92,,98.86,,98.74,99.01,,107.07,,107.68,106.3,,114.01,,115.33,112.3,
Пермский край,109.72,100,110.11,102.74,100,103.49,100,103.65,99.71,100,97.42,104.5,97.21,100.65,105.3,100.73,100,100.71,101.84,100
Кировская область,106.01,100.36,106.82,106.86,100,100.12,93.83,99.51,101.45,100,102.41,101.65,100,103.96,100,107.09,100.17,102.38,110.87,100.48
Нижегородская область,109.13,111.11,109,108.46,111.22,102.36,106.87,100.68,102.46,97.05,102.87,96.45,104.17,104.12,103.1,99.44,99.16,100.78,98.37,98.96
Оренбургская область,101.35,99.14,99.85,104.69,96.82,104.15,101.6,102.5,107.12,102.51,101.58,101.11,103.74,99.88,101.3,103.2,100,100.03,107.29,104.72
Пензенская область,109.92,,109.91,109.95,,102.98,,104.23,100,,100.51,,100.71,100,,104.59,,104.72,104.27,
Самарская область,107.74,102.77,108.81,104.69,113.5,102.01,100,102.34,101.92,100.04,100.88,100,101.28,100.41,100,99.31,100,98.73,100.07,100.47
Саратовская область,121.61,129.78,125.1,132.98,101.67,102.96,84.33,102.29,106.26,104.41,103.83,120.64,104.39,91.83,111.17,101.53,100,99.69,100.88,109.12
Ульяновская область,104.15,100.83,102.51,107.15,,106.01,101.48,108.37,103.09,,105.64,105.61,106.61,104.12,,99.72,100.39,99.25,100.39,
Уральский федеральный округ,107.08,108.84,106.88,106.79,111.27,103.75,102.82,103.66,104.55,99.87,101.33,99.32,100.2,103.3,106.42,100.15,102.6,99.58,100.77,102.3
Курганская область,107.87,,107.79,109.32,,108.05,,108.36,102.12,,97.79,,97.6,101.75,,100.76,,100.72,101.59,
Свердловская область,107.24,109.12,108.87,105.05,106.93,104.56,103.63,105.11,104.72,95.86,101.11,98.95,98.6,103.72,111.63,99.97,102.73,98.73,100.91,103.97
Тюменская область,102.92,108.04,102.33,105.66,,98.16,100.43,97.81,99.88,,104.43,100.46,105.06,101.34,,100.25,102.23,100.25,99.58,
Ханты-Мансийский автономный округ - Югра (Тюменская область),103.45,109.28,102.77,106.39,,99.01,100,98.98,98.85,,102.92,100.23,103.19,101.99,,100.92,101.36,101.02,100.09,
Ямало-Ненецкий автономный округ (Тюменская область),101.22,103.82,101.02,102.83,,94.97,104,93.74,106.37,,111.67,100,113.59,95.7,,98.34,110.05,98.1,97.81,
Тюменская область (кроме Ханты-Мансийского автономного округа-Югры и Ямало-Ненецкого автономного округа),100.73,100,100,103.14,,96.48,100,94.97,100,,101.35,104.33,100,104.33,,96.35,100,95.58,97.45,
Челябинская область,127.46,,117.96,155.49,117.73,108.58,,110.06,111.06,105.29,99.69,,99.02,100,100,100.46,,101.46,100,100
Сибирский федеральный округ,110.53,107.47,111.72,109.38,108.84,102.64,101.91,102.46,102.98,101.85,101.51,100.65,101.54,101.13,106.82,102.44,105.68,102.75,101.57,105.82
Республика Алтай,104.63,,104.63,,,110.17,,110.17,,,109.11,,109.11,,,100.27,,100.27,,
Республика Тыва,101.12,100.41,101.01,101.4,100,99.73,100,99.33,100,100,103.96,100,102.27,106.15,100,105.02,100,105.85,105.43,100
Республика Хакасия,113.84,,102.32,115.28,,99.81,,100.19,99.77,,105.69,,100.62,106.26,,99.71,,100.44,99.63,
Алтайский край,114.79,109.2,117.27,106.79,115.91,103.68,99.74,102.2,112.19,100,95.53,100,93.8,96.97,102.94,104.05,106.06,103.19,102.15,112.38
Красноярский край,103.91,102.97,104.53,103.09,108.94,102.04,99.43,103.04,101.16,101.35,103.27,98.44,102.54,104.51,101.66,103.66,102.28,105.12,102.08,105.05
Иркутская область,104.01,100,104.21,103.62,100,101.71,100,102.09,100.63,100,100.71,100,101.2,99.2,100,100.27,100,99.77,101.89,100
Кемеровская область - Кузбасс,131.96,117.87,129.39,139.31,107.74,103.8,104.31,104.58,102.72,103.53,98.67,93.93,98.93,98.4,103.85,106.39,105.68,106.68,106.25,103.38
Новосибирская область,105.96,100,110.27,99.78,100,102.03,100,100.13,105.08,100,102.86,109,105.25,99.17,110,101.78,100,103.26,99.4,100
Омская область,107.08,105.9,108.06,106.31,104.39,103.14,101.92,102.95,103.38,104.82,107.71,106.75,105.69,109.15,117.65,103.53,110.14,102.82,103.79,101.37
Томская область,105.42,101.57,106.44,105.17,100.68,102.05,102.68,101.35,102.44,100,100.41,100.33,102.54,99.28,100,99.28,100.19,98,99.93,100
Дальневосточный федеральный округ,103.92,97.07,103.64,105.79,99.94,99.32,107.61,99.22,98.36,99.92,100.79,95.46,100.99,101.09,101.83,102.17,106.47,101.62,102.86,99.57
Республика Бурятия,103.85,100,102.5,105.91,,101.21,119.01,101.13,100.38,,102.7,100,102.37,103.31,,102.0,108.26,101.42,102.38,
Республика Саха (Якутия),100.34,90.6,100.5,97.85,,100.06,100,100.06,100,,100.05,100,100.05,100.1,,111.76,100,112.41,98.93,
Забайкальский край,102.93,,105,100.18,,100.9,,101.24,100.42,,99.23,,97.69,101.41,,99.45,,98.92,100.18,
Камчатский край,108.76,100.76,102.13,112.53,,95.3,100.25,99.58,93.11,,104.6,100,97.35,108.17,,99.64,100.06,110.76,95.34,
Приморский край,105.87,100.99,105.32,108.79,98.33,100.55,108.08,100.8,98.3,99.74,102.13,100.16,102.39,102.6,101.28,97.96,100.35,92.03,102.41,98.62
Хабаровский край,103.67,93.45,103.2,106.52,100.23,95.25,107.9,92.7,96.21,100,100.53,90.38,103.46,98.55,102.82,102.86,113.25,99.53,105.74,100
Амурская область,107.86,98.5,107.59,109.53,,102.08,98.05,102.43,100.28,,102.72,100,102.55,103.67,,96.86,100,96.68,97.78,
Магаданская область,103.8,,108.31,100.83,,105.5,,97.03,111.47,,104.63,,112.4,99.86,,108.72,,102.98,112.68,
Сахалинская область,103.38,101,104.21,100.82,101.1,103.01,100,104,100,100,96.77,100.31,95.57,100.15,101.41,98.72,100,98.3,100,100
Еврейская автономная область,104.94,,105.22,100,,103.12,,103.29,100,,106.98,,107.26,101.71,,106.37,,106.69,100,
nan,,низкого качества,квартиры среднего качества (типовые),улучшенного качества,элитные квартиры,,низкого качества,квартиры среднего качества (типовые),улучшенного качества,элитные квартиры,,низкого качества,квартиры среднего качества (типовые),улучшенного качества,элитные квартиры,,низкого качества,квартиры среднего качества (типовые),улучшенного качества,элитные квартиры
Российская Федерация,106.51,106.61,105.92,107.32,106.53,108.6,109.34,106.87,109.99,114.56,110.09,107.14,108.36,111.69,117.37,111.83,107.39,110.42,113.31,118.28
Центральный федеральный округ,105.65,112.84,105.94,104.16,108.3,108.45,114.01,107.74,105.87,118.1,109.44,112.38,109.1,106.51,119.89,111.14,115.09,110.85,108.06,121.74
Белгородская область,107.83,,105.91,109.44,,110.13,,106.12,113.52,,102.88,,103.15,102.66,,105.11,,101.78,107.92,
Брянская область,107.4,110.22,105.25,113.63,,107.59,110.22,105.19,114.71,,108.95,110.22,107.41,113.65,,110.07,110.22,108.32,115.84,
Владимирская область,107.3,,101.64,112.55,100,110.67,,108.69,112.64,100,110.41,,104.63,115.77,103,114.28,,108.96,119.28,103
Воронежская область,108.24,114.43,106.17,109.75,104.07,114.38,121.04,111.56,117.01,109.93,115.05,121.17,112.45,117.53,109.93,127.62,128.09,128.19,126.83,109.93
Ивановская область,104.14,100,103.84,104.51,105.1,107.12,96.01,102.23,115.38,105.1,107.88,101.45,102.89,116.4,105.1,109.14,153.91,103.28,118.97,105.1
Калужская область,111.4,99.33,112.71,107.19,,115.83,101.07,118.15,107.45,,117.2,117.89,117.89,113.99,,124.93,116.78,127.29,115.35,
Костромская область,103.02,96.62,105.09,101.43,104,109.61,106.04,111.94,108.56,104,112.12,109.17,113.09,112.48,104,111.05,94.91,112.8,110.31,110
Курская область,104.21,,104.93,103.7,105.37,105.13,,105.05,105,107,103.25,,106.28,101.46,104.36,104.51,,107.31,102.74,106.71
Липецкая область,114.7,,109.61,115.96,120.97,119.26,,115.87,119.14,126.35,120.17,,116.49,120.54,126.35,120.09,,116.24,120.54,126.35
Московская область,116.16,108.24,120.96,106.8,98.78,118.83,108.07,121.63,116.38,98.78,121.64,108.16,124.94,118.75,101.3,117.41,106.11,119.13,117.88,100.88
Орловская область,118.23,121.26,122.38,116.14,,118.75,121.26,119.98,118.08,,115.78,118.84,117.83,114.69,,117.88,107.03,122.31,116.11,
Рязанская область,111.13,115.2,110.83,110.11,112.07,115.82,115.54,121.51,113.25,124.77,114.86,111.91,118.18,113.48,125.38,118.26,115.73,116.3,118.05,131.34
Смоленская область,102.72,,101.56,103.95,,102.86,,101.72,104.07,,105.19,,104.73,105.68,,104.93,,104.15,105.76,
Тамбовская область,107.06,109.6,107.28,105.66,107.2,111.53,109.62,107.75,105.83,114.97,111.28,109.62,106.63,105.77,114.97,112.86,109.63,106.74,107.81,117.09
Тверская область,113.73,,109.56,113.26,118.92,113.5,,110.16,113.16,117.63,111.33,,111.18,112.42,110.75,113.32,,112.38,109.3,117.19
Тульская область,104.79,,106.42,103.87,,104.56,,107.64,102.83,,106.07,,108.33,104.79,,104.64,,107.46,103.06,
Ярославская область,107.16,103.69,111.42,107.3,101.36,112.05,103.69,116.06,112.51,106.2,112.05,104.83,112.53,112.68,110.05,111.18,112.76,126.17,108.62,102.4
Город Москва столица Российской Федерации город федерального значения,101.65,,100,100,108.11,103.85,,100,100,118.95,105.96,,102.9,101.48,121.36,107.14,,104.4,102.26,123.02
Северо-Западный федеральный округ,103.51,104.85,100.59,107.85,105.88,102.86,104.93,95.89,110.4,121.31,103.89,102.03,96.4,113.11,121.8,103.41,95.77,97.18,112.59,115.94
Республика Карелия,106.56,100,108.64,103.7,100,108.1,100,108.29,108.37,100,109.77,100,110.02,109.71,105.25,110.24,100,110.67,110.23,100.52
Республика Коми,112.56,99.07,107.27,118.04,100.83,116.95,99.33,114.85,120.94,100.83,120.49,110.18,116.54,125.59,103.53,127.84,111.48,120.88,136,104.32
Архангельская область,102.32,100.23,102.75,102.1,100.55,102.94,99.93,103.3,103,100.92,103.97,99.47,104.92,103.48,100.98,106.62,99.91,107.29,106.92,102.19
Ненецкий автономный округ (Архангельская область),100.02,,100.02,,,105.25,,105.25,,,111.3,,111.3,,,114.54,,114.54,,
Архангельская область (кроме Ненецкого автономного округа),102.43,100.23,103.01,102.1,100.55,102.82,99.93,103.11,103,100.92,103.6,99.47,104.3,103.48,100.98,106.22,99.91,106.59,106.92,102.19
Вологодская область,101.8,,100.55,103.88,,103.7,,103.59,103.88,,106.53,,106.45,106.68,,108.86,,108.16,110.02,
Калининградская область,108.91,104.28,107.63,108.85,114.05,125.71,104.56,124.24,130.53,132.75,122.26,102.84,110.32,124.75,156.47,122.65,100.88,113.12,123.51,153.97
Ленинградская область,102.82,100,105.14,100,100,105.23,100,106.65,104.23,100.88,107.1,105.54,107.9,106.42,102.8,106.87,105.44,107.56,106.31,102.69
Мурманская область,109.44,,107.04,113.89,,106.57,,102.59,113.92,,105.88,,101,114.89,,106.8,,105.55,109.1,
Новгородская область,107.62,109.41,104.63,111.13,,105.68,105.12,108.23,102.58,,110.17,107.01,103.81,118.48,,116.24,104.42,114.59,119.73,
Псковская область,104.56,116.46,105.58,100.61,,115.61,116.46,120.3,104.25,,117.72,124.32,121.94,106.75,,116.77,133.46,118.73,109.97,
Город Санкт-Петербург город федерального значения,100.48,105.64,96.16,106.54,105.09,97.02,105.81,86.25,108.1,122.1,98.22,101.63,87.84,111.83,117.79,95.69,93.31,87.2,108.53,110.6
Южный федеральный округ,106.33,105.15,104.47,108.73,106.2,109.17,103.26,107.23,112.25,111.61,109.37,102.35,106.77,113.27,113.42,111.48,103.57,108.72,115.77,115.32
Республика Адыгея (Адыгея),101.76,104.48,101.23,100.89,,101.3,104.3,100.6,100.44,,94.75,96.65,97.89,91.11,,96.07,96.53,102.33,90.43,
Республика Калмыкия,102.75,100,100.18,112.99,,102.68,100,99.6,114.92,,102.54,100,99.43,114.92,,107.06,100,105.16,114.92,
Республика Крым,102.5,100,102.92,100,101.31,103.99,100,103.78,106.17,101.31,104.06,100,103.88,106.04,101.31,109.01,100,109.75,106.04,101.31
Краснодарский край,110.59,100,96.34,125.01,,103.65,95.11,91.17,116.13,,100.89,95.11,83.44,117.1,,106.23,95.11,84.3,127.4,
Астраханская область,103.4,102.37,104.5,100,100,111.65,102.37,115.38,102.21,100,109.64,102.37,112.53,102.37,100.51,106.52,102.37,108.01,103.47,100.51
Волгоградская область,107.95,111.07,104.35,110.16,109.98,111.24,113.18,106.48,114.74,113.13,112.57,116.19,108.15,115.35,114.99,114.63,115.81,109.25,118.48,117.86
Ростовская область,106.71,105.22,108.64,105.54,101.63,112.67,101.42,114.11,112.91,114.17,114.8,101.74,115.54,115.87,116.62,116.07,105.19,117.12,116.59,117.61
Город федерального значения Севастополь,101.69,,102.31,100,,103.22,,104.41,100,,101.73,,102.38,100,,101.43,,101.96,100,
Северо-Кавказский федеральный округ,103.09,114.65,102.92,103.98,100.26,104.49,114.65,104.36,105.85,100.26,105.14,114.47,105.4,106.82,97.22,106.99,114.47,108.27,106.99,97.01
Республика Дагестан,100.05,100,100.1,100,,101.98,100,103.61,100.2,,108.5,100,108.18,109.01,,112.71,100,115.05,110.32,
Республика Ингушетия,103.01,,102.67,104.42,,105.29,,105.47,104.53,,99.36,,99.65,98.17,,101.1,,101.51,99.36,
Кабардино-Балкарская Республика,110.56,200,108.27,114.13,103.86,113.48,200,112.45,114.13,103.86,125.47,198,131.32,101.9,108.88,114.85,198,116.77,101.48,105.74
Карачаево-Черкесская Республика,105.76,100,108.83,100,,104.52,100,106.93,100,,111.34,100,117.39,100,,108.71,100,113.36,100,
Республика Северная Осетия-Алания,101.72,100,101.94,102.96,100,104.91,100,105.8,107,100,106.56,100,108.16,107,100,109.75,100,112.64,107.69,100
Чеченская Республика,101.73,,101.31,103.71,100,102.51,,102.5,103.71,100,101.8,,102.03,103.71,96.32,104.36,,105.91,103.71,96.32
Ставропольский край,112.81,120.31,120.79,105.82,,117.76,120.31,120.34,115.49,,120.6,120.31,123.49,118.25,,121.14,120.31,124.41,118.5,
Приволжский федеральный округ,108.51,107.83,108.2,109.64,102.57,112.03,112.39,111.08,113.87,105.96,114.82,109.8,114.62,116.09,113.28,117.96,108.2,118.62,118.61,118.32
Республика Башкортостан,104.22,101.32,103.63,105.53,100,109.72,102.91,109.43,110.88,106.04,113.23,105.95,112.08,115.91,106.46,115.85,105.58,114.54,119.12,106.46
Республика Марий Эл,112.65,,111.08,113.58,,116.94,,114.41,118.44,,123.05,,119.65,125.05,,124.23,,120.9,126.21,
Республика Мордовия,121.14,112.81,122.24,121.72,,119.64,107.69,116.84,124.26,,121.86,105.92,118.22,127.93,,125.07,102.69,127.52,127.05,
Республика Татарстан (Татарстан),106.35,106.57,103.42,111.03,97,111.11,104.76,106.44,118.43,104.23,113.77,107.98,111.07,118.09,109.79,119.97,103.99,120.56,120.45,106.58
Удмуртская Республика,107.78,106.9,108.13,107.92,,109.32,118.01,108.73,106.31,,111.22,107.82,112.84,111.55,,111.98,103.33,113,114.71,
Чувашская Республика - Чувашия,107.98,,108.03,107.92,,106.75,,106.67,106.84,,114.3,,114.86,113.57,,130.31,,132.47,127.54,
Пермский край,109.72,100,110.11,102.74,100,113.55,100,114.13,102.45,100,110.62,104.5,110.95,103.11,105.3,111.43,104.5,111.74,105.01,105.3
Кировская область,106.01,100.36,106.82,106.86,100,106.14,94.16,106.3,108.42,100,108.7,95.71,106.3,112.71,100,116.4,95.87,108.83,124.96,100.48
Нижегородская область,109.13,111.11,109,108.46,111.22,111.7,118.74,109.74,111.13,107.94,114.91,114.53,114.32,115.71,111.29,114.27,113.56,115.21,113.83,110.13
Оренбургская область,101.35,99.14,99.85,104.69,96.82,105.56,100.73,102.35,112.15,99.25,107.22,101.84,106.17,112.02,100.54,110.65,101.84,106.2,120.18,105.29
Пензенская область,109.92,,109.91,109.95,,113.19,,114.56,109.95,,113.76,,115.37,109.95,,118.99,,120.82,114.65,
Самарская область,107.74,102.77,108.81,104.69,113.5,109.9,102.77,111.36,106.71,113.55,110.87,102.77,112.78,107.14,113.55,110.11,102.77,111.35,107.21,114.08
Саратовская область,121.61,129.78,125.1,132.98,101.67,125.21,109.44,127.97,141.31,106.16,130.0,132.03,133.58,129.76,118.02,132.0,132.03,133.17,130.91,128.79
Ульяновская область,104.15,100.83,102.51,107.15,,110.41,102.33,111.09,110.46,,116.63,108.07,118.44,115.01,,116.3,108.49,117.55,115.45,
Уральский федеральный округ,107.08,108.84,106.88,106.79,111.27,111.09,111.91,110.79,111.64,111.12,112.57,111.15,111.01,115.33,118.25,112.73,114.04,110.55,116.22,120.97
Курганская область,107.87,,107.79,109.32,,116.55,,116.8,111.63,,113.98,,114,113.59,,114.84,,114.82,115.4,
Свердловская область,107.24,109.12,108.87,105.05,106.93,112.13,113.07,114.43,110.01,102.5,113.37,111.88,112.83,114.1,114.42,113.35,114.93,111.39,115.14,118.96
Тюменская область,102.92,108.04,102.33,105.66,,101.02,108.5,100.09,105.54,,105.5,109,105.16,106.95,,105.77,111.43,105.43,106.51,
Ханты-Мансийский автономный округ - Югра (Тюменская область),103.45,109.28,102.77,106.39,,102.43,109.28,101.73,105.16,,105.42,109.53,104.98,107.25,,106.39,111.02,106.05,107.35,
Ямало-Ненецкий автономный округ (Тюменская область),101.22,103.82,101.02,102.83,,96.13,107.98,94.7,109.38,,107.35,107.98,107.57,104.67,,105.56,118.83,105.53,102.38,
Тюменская область (кроме Ханты-Мансийского автономного округа-Югры и Ямало-Ненецкого автономного округа),100.73,100,100,103.14,,97.19,100,94.97,103.14,,98.5,104.33,94.97,107.61,,94.9,104.33,90.77,104.86,
Челябинская область,127.46,,117.96,155.49,117.73,138.4,,129.82,172.69,123.96,137.97,,128.55,172.69,123.96,138.61,,130.43,172.69,123.96
Сибирский федеральный округ,110.53,107.47,111.72,109.38,108.84,113.45,109.53,114.46,112.64,110.86,115.16,110.24,116.22,113.91,118.42,117.97,116.51,119.42,115.7,125.32
Республика Алтай,104.63,,104.63,,,115.27,,115.27,,,125.76,,125.76,,,126.11,,126.11,,
Республика Тыва,101.12,100.41,101.01,101.4,100,100.85,100.41,100.33,101.4,100,104.84,100.41,102.61,107.63,100,110.11,100.41,108.61,113.47,100
Республика Хакасия,113.84,,102.32,115.28,,113.63,,102.52,115.02,,120.09,,103.15,122.22,,119.74,,103.6,121.76,
Алтайский край,114.79,109.2,117.27,106.79,115.91,119.01,108.91,119.85,119.8,115.91,113.69,108.91,112.43,116.16,119.32,118.3,115.52,116.01,118.65,134.09
Красноярский край,103.91,102.97,104.53,103.09,108.94,106.03,102.38,107.71,104.28,110.41,109.5,100.78,110.45,108.98,112.24,113.51,103.08,116.11,111.25,117.92
Иркутская область,104.01,100,104.21,103.62,100,105.78,100,106.39,104.27,100,106.53,100,107.67,103.44,100,106.82,100,107.42,105.4,100
Кемеровская область - Кузбасс,131.96,117.87,129.39,139.31,107.74,136.97,122.95,135.32,143.1,111.54,135.14,115.48,133.88,140.81,115.84,143.77,122.04,142.82,149.61,119.76
Новосибирская область,105.96,100,110.27,99.78,100,108.11,100,110.41,104.85,100,111.2,109,116.21,103.97,110,113.18,109,120,103.35,110
Омская область,107.08,105.9,108.06,106.31,104.39,110.44,107.93,111.24,109.9,109.41,118.96,115.22,117.56,119.95,128.73,123.16,126.9,120.88,124.5,130.49
Томская область,105.42,101.57,106.44,105.17,100.68,107.58,104.29,107.88,107.74,100.68,108.02,104.64,110.63,106.96,100.68,107.24,104.84,108.41,106.89,100.68
Дальневосточный федеральный округ,103.92,97.07,103.64,105.79,99.94,103.21,104.46,102.82,104.06,99.86,104.02,99.72,103.84,105.19,101.69,106.28,106.17,105.52,108.2,101.25
Республика Бурятия,103.85,100,102.5,105.91,,105.11,119.01,103.66,106.32,,107.95,119.01,106.11,109.83,,110.1,128.84,107.62,112.44,
Республика Саха (Якутия),100.34,90.6,100.5,97.85,,100.4,90.6,100.56,97.85,,100.45,90.6,100.61,97.94,,112.26,90.6,113.1,96.9,
Забайкальский край,102.93,,105,100.18,,103.85,,106.3,100.6,,103.06,,103.84,102.01,,102.49,,102.72,102.19,
Камчатский край,108.76,100.76,102.13,112.53,,103.65,101.01,101.71,104.78,,108.42,101.01,99.01,113.34,,108.03,101.07,109.67,108.05,
Приморский край,105.87,100.99,105.32,108.79,98.33,106.45,109.15,106.16,106.93,98.07,108.71,109.33,108.7,109.71,99.33,106.49,109.71,100.03,112.35,97.96
Хабаровский край,103.67,93.45,103.2,106.52,100.23,98.74,100.83,95.67,102.49,100.23,99.27,91.13,98.98,101,103.06,102.11,103.2,98.51,106.79,103.06
Амурская область,107.86,98.5,107.59,109.53,,110.1,96.57,110.2,109.84,,113.09,96.57,113.01,113.87,,109.54,96.57,109.26,111.34,
Магаданская область,103.8,,108.31,100.83,,109.5,,105.09,112.4,,114.58,,118.12,112.25,,124.56,,121.64,126.48,
Сахалинская область,103.38,101,104.21,100.82,101.1,106.49,101,108.37,100.82,101.1,103.05,101.31,103.57,100.97,102.53,101.73,101.31,101.81,100.97,102.53
Еврейская автономная область,104.94,,105.22,100,,108.22,,108.68,100,,115.78,,116.57,101.71,,123.15,,124.37,101.71,
Российская Федерация,123.33,122.32,123.96,123.77,116.36,120.04,121.31,119.15,120.35,124.69,116.15,114.12,114.47,118.06,120.24,111.83,107.39,110.42,113.31,118.28
Центральный федеральный округ,124.88,137.37,124.87,126.37,117.58,120.03,127.68,118.49,118.21,128.52,114.26,120.76,113.78,111.96,121.8,111.14,115.09,110.85,108.06,121.74
Белгородская область,128.21,,127.12,129.12,,120.6,,115.61,124.85,,110.05,,108.23,111.63,,105.11,,101.78,107.92,
Брянская область,133.5,135.42,134.12,130.99,,122.75,128.22,120.43,128.51,,116.0,118.8,114.34,120.58,,110.07,110.22,108.32,115.84,
Владимирская область,143.0,,133.27,152.72,113.07,124.25,,116.77,131.98,105.18,117.21,,113.07,121.09,103,114.28,,108.96,119.28,103
Воронежская область,125.56,121.35,125.93,126.54,121.47,134.7,134.34,134.16,135.82,128.31,122.87,122.58,121.96,124.59,117.48,127.62,128.09,128.19,126.83,109.93
Ивановская область,121.69,105.14,123.42,121.16,107.44,122.0,100.95,117.69,131.2,107.28,119.18,106.48,114.61,128.66,105.1,109.14,153.91,103.28,118.97,105.1
Калужская область,131.15,96.51,134.75,121.48,,125.27,97.87,127.2,120.7,,124.56,114.93,123.15,133.44,,124.93,116.78,127.29,115.35,
Костромская область,121.06,105.15,125.49,119.68,109.99,125.87,114.61,129.01,125.48,112.98,118.57,113.31,121.69,117.81,107.03,111.05,94.91,112.8,110.31,110
Курская область,121.74,,120.51,122.13,125.44,117.1,,114.73,118.08,121.51,108.93,,110.84,107.67,110.9,104.51,,107.31,102.74,106.71
Липецкая область,131.77,,122.91,138.12,131.32,133.7,,124.71,139.46,135.49,125.26,,120.55,125.57,133.87,120.09,,116.24,120.54,126.35
Московская область,135.6,132.93,142.54,120.38,105.88,133.38,128.73,139.42,121.72,103.78,126.63,120.13,130.61,119.84,102.84,117.41,106.11,119.13,117.88,100.88
Орловская область,136.72,137.9,136.32,136.89,,123.26,132.18,126.64,121.41,,117.58,118.84,124.17,114.53,,117.88,107.03,122.31,116.11,
Рязанская область,129.62,148.87,133.85,125.23,121.2,133.68,129.47,145.34,131.28,134.93,119.08,122.71,116.81,117.95,128.07,118.26,115.73,116.3,118.05,131.34
Смоленская область,112.32,,108.26,116.86,,120.03,,124.6,115.63,,102.47,,108.75,96.61,,104.93,,104.15,105.76,
Тамбовская область,109.07,109.71,108.4,109.45,109.14,112.96,109.69,108.73,108.38,116.31,111.77,109.62,106.99,106.79,115.36,112.86,109.63,106.74,107.81,117.09
Тверская область,144.41,,137.77,143.94,152.66,136.61,,131.22,136.25,143.31,129.33,,124.35,133.18,132.9,113.32,,112.38,109.3,117.19
Тульская область,109.63,,115.63,106.45,,105.85,,110.62,103.23,,106.63,,110,104.77,,104.64,,107.46,103.06,
Ярославская область,119.7,118.25,115.12,122.78,112.09,119.87,101.22,121.5,120.5,119.55,117.17,101.11,110.41,117.64,131.12,111.18,112.76,126.17,108.62,102.4
Город Москва столица Российской Федерации город федерального значения,121.48,,117.01,126.73,117.14,113.58,,106.4,111.54,129.62,110.2,,106.54,107.47,121.83,107.14,,104.4,102.26,123.02
Северо-Западный федеральный округ,132.03,119.25,141.77,123.27,119.13,120.42,119.08,118.01,121.71,131.73,116.34,112.95,112.37,121.84,122.07,103.41,95.77,97.18,112.59,115.94
Республика Карелия,127.49,100,138.03,115.64,93.13,121.54,100,125.11,118.59,92.27,117.86,100,122.58,112.94,92.95,110.24,100,110.67,110.23,100.52
Республика Коми,119.69,113.26,114.17,124.88,108.98,121.5,103.18,121.25,123.87,107.92,124.39,114.21,118.91,130.1,110.8,127.84,111.48,120.88,136,104.32
Архангельская область,114.74,108.14,119.64,109.71,107.04,110.97,106.99,112.06,110.21,107.43,107.56,104.9,108.11,107.23,107.28,106.62,99.91,107.29,106.92,102.19
Ненецкий автономный округ (Архангельская область),116.09,,116.09,,,108.91,,108.91,,,111.85,,111.85,,,114.54,,114.54,,
Архангельская область (кроме Ненецкого автономного округа),114.68,108.14,119.98,109.71,107.04,111.07,106.99,112.39,110.21,107.43,107.34,104.9,107.74,107.23,107.28,106.22,99.91,106.59,106.92,102.19
Вологодская область,112.11,,108.72,118,,109.76,,106.13,116.35,,109.82,,105.87,117.05,,108.86,,108.16,110.02,
Калининградская область,139.72,119.83,133.3,149.47,155.74,146.42,112.93,142.37,150.69,168.69,129.64,104.9,115.16,133.58,173.5,122.65,100.88,113.12,123.51,153.97
Ленинградская область,115.46,106.25,126.49,103.72,100,115.95,106.25,125.18,106.42,100.88,113.12,105.54,117.41,109,102.8,106.87,105.44,107.56,106.31,102.69
Мурманская область,142.93,,140.12,148.09,,135.92,,129.51,148.08,,125.22,,119.52,135.71,,106.8,,105.55,109.1,
Новгородская область,124.69,122.16,122.22,128.03,,116.45,116,117.05,115.73,,116.71,114.26,108.91,126.95,,116.24,104.42,114.59,119.73,
Псковская область,112.96,118.99,115.59,106.09,,125.31,118.99,132.16,110.26,,125.66,124.32,131.13,112.91,,116.77,133.46,118.73,109.97,
Город Санкт-Петербург город федерального значения,136.67,121.25,154.23,122.13,116.02,116.85,122.62,112.4,118.2,130.29,113.49,115.21,108.17,121.93,115.99,95.69,93.31,87.2,108.53,110.6
Южный федеральный округ,122.66,123.05,119.19,127.55,114.94,119.9,115.4,117.73,123.33,118.85,114.53,109.6,113.1,116.84,116.46,111.48,103.57,108.72,115.77,115.32
Республика Адыгея (Адыгея),166.82,152.77,150.57,193.96,,153.43,152.47,151.18,155.93,,118.9,123.24,114.95,120.58,,96.07,96.53,102.33,90.43,
Республика Калмыкия,123.44,110,119.46,140.58,,119.31,110,113.9,142.98,,105.77,100,103.43,114.92,,107.06,100,105.16,114.92,
Республика Крым,110.23,100,108.71,123.87,106.33,109.24,100,106.96,128.58,106.33,107.87,100,105.56,127.16,106.33,109.01,100,109.75,106.04,101.31
Краснодарский край,145.33,131.47,141.56,150.55,,116.39,105.3,116.96,118.05,,96.08,99.86,94.33,96.59,,106.23,95.11,84.3,127.4,
Астраханская область,115.89,102.51,121.16,105.12,100.49,122.12,102.52,129.19,107.56,100.57,115.11,102.52,119.43,106.22,100.51,106.52,102.37,108.01,103.47,100.51
Волгоградская область,120.46,126.5,117.05,121.86,123.09,120.58,121.99,115.77,123.77,124.08,115.96,118.91,112.83,117.5,118.88,114.63,115.81,109.25,118.48,117.86
Ростовская область,117.21,109.8,117.25,118.94,106.19,119.37,103.8,119.32,121.81,117.23,121.63,104.07,122.1,123.95,118.49,116.07,105.19,117.12,116.59,117.61
Город федерального значения Севастополь,108.21,,108.55,107.27,,104.98,,105.83,102.66,,104.27,,103.51,106.42,,101.43,,101.96,100,
Северо-Кавказский федеральный округ,109.79,123.13,110.29,110.8,102.06,107.03,124.36,106.81,109.24,100.27,106.41,116.59,106.51,108.72,97.81,106.99,114.47,108.27,106.99,97.01
Республика Дагестан,119.7,100,121.57,118.09,,112.38,100,119.35,105.51,,112.63,100,114.66,110.69,,112.71,100,115.05,110.32,
Республика Ингушетия,112.95,,112.73,113.89,,112.18,,112.49,110.88,,102.53,,102.9,100.98,,101.1,,101.51,99.36,
Кабардино-Балкарская Республика,129.51,202.48,135.19,123.64,100.89,118.34,202.48,120.13,114.32,100.89,130.37,198,136.86,103,115.62,114.85,198,116.77,101.48,105.74
Карачаево-Черкесская Республика,136.5,135.87,142.64,119.89,,126.96,135.87,133.33,106.33,,125.87,111.13,139.22,100,,108.71,100,113.36,100,
Республика Северная Осетия-Алания,108.31,107.4,109.32,106.57,100,111.5,107.4,113.16,110.75,100,106.56,100,108.16,107,100,109.75,100,112.64,107.69,100
Чеченская Республика,106.54,,106.35,109.16,102.19,103.17,,102.61,106.15,100.23,102.22,,102.08,105.28,96.54,104.36,,105.91,103.71,96.32
Ставропольский край,122.36,124.35,135.65,111.97,,129.36,128.91,139.34,121.92,,126.41,124.51,132.1,122.02,,121.14,120.31,124.41,118.5,
Приволжский федеральный округ,123.44,124.89,121.88,127.27,106.45,123.96,125.26,123.09,125.72,116.15,120.62,117.4,117.12,126.32,121.67,117.96,108.2,118.62,118.61,118.32
Республика Башкортостан,118.72,114.22,118.28,120.02,110.2,121.79,114.09,122.23,121.87,114.44,119.53,114.11,119.33,120.55,108.72,115.85,105.58,114.54,119.12,106.46
Республика Марий Эл,133.46,,134.81,132.69,,131.89,,129.85,133.09,,132.46,,131.84,132.82,,124.23,,120.9,126.21,
Республика Мордовия,133.03,124.12,134.49,133.4,,127.06,113.49,124.39,131.88,,127.52,112.4,123.05,134.17,,125.07,102.69,127.52,127.05,
Республика Татарстан (Татарстан),127.27,119.04,120.17,137.93,143.18,125.45,116.91,117.63,137.2,134.33,127.73,114.8,118.77,142.23,141.5,119.97,103.99,120.56,120.45,106.58
Удмуртская Республика,115.82,115.3,115.46,116.24,,114.28,119.77,114.7,111.83,,113.76,108.85,115.46,114.67,,111.98,103.33,113,114.71,
Чувашская Республика - Чувашия,156.65,,159.48,153.17,,140.43,,139.8,141.25,,138.21,,152.75,123.08,,130.31,,132.47,127.54,
Пермский край,114.51,112.47,114.78,113.18,100.27,124.7,109.19,125.6,110.55,100.27,117.26,108.16,117.83,106.25,105.3,111.43,104.5,111.74,105.01,105.3
Кировская область,135.95,174.02,140.55,130.43,113.7,128.54,159.66,130.28,125.05,111.55,127.66,152.68,130.65,124.62,104.66,116.4,95.87,108.83,124.96,100.48
Нижегородская область,125.25,128.49,129.96,120.81,111.22,122.85,130.69,125.66,118.45,107.94,120.69,119.6,121.29,120.92,111.29,114.27,113.56,115.21,113.83,110.13
Оренбургская область,105.25,101.26,107.89,106.25,96.82,106.93,101.82,105.3,112.34,99.05,108.45,102.04,109.15,112.26,100.54,110.65,101.84,106.2,120.18,105.29
Пензенская область,101.59,,97.41,113.07,,114.03,,115.4,110.79,,56.23,,47.3,106.1,,118.99,,120.82,114.65,
Самарская область,117.91,103.14,116.32,118.31,129.78,116.59,103.14,116.85,114.41,125.24,113.96,102.96,116.88,109.09,114.54,110.11,102.77,111.35,107.21,114.08
Саратовская область,125.96,165.75,131.08,152.28,94.39,137.32,146.07,142.13,147.97,113.91,132.64,131.18,136.48,125.02,125.04,132.0,132.03,133.17,130.91,128.79
Ульяновская область,112.88,104.57,113.36,113.34,,116.5,104.67,118.79,114.71,,120.02,109.08,122.67,117.49,,116.3,108.49,117.55,115.45,
Уральский федеральный округ,120.23,118.95,118.74,122.63,128.47,121.51,119.25,121.85,120.96,122.23,117.45,118.01,115.2,121.64,122.3,112.73,114.04,110.55,116.22,120.97
Курганская область,123.69,,124.19,114.82,,137.22,,138.51,115.18,,117.54,,117.62,116.04,,114.84,,114.82,115.4,
Свердловская область,120.38,124.41,119.16,121.13,125.7,120.64,122.98,122.1,119.23,113.12,117.61,120.4,114.77,120.73,121.25,113.35,114.93,111.39,115.14,118.96
Тюменская область,112.94,105.26,113.37,112.55,,110.16,109.12,110.45,108.47,,112.66,111.35,113.29,108.69,,105.77,111.43,105.43,106.51,
Ханты-Мансийский автономный округ - Югра (Тюменская область),112.44,105.08,112.69,113.36,,110.44,109.18,110.91,107.74,,111.72,111.53,112.21,108.48,,106.39,111.02,106.05,107.35,
Ямало-Ненецкий автономный округ (Тюменская область),117.65,110.17,118.22,113.55,,111.92,114.57,111.36,116.99,,120.23,114.57,121.13,111.96,,105.56,118.83,105.53,102.38,
Тюменская область (кроме Ханты-Мансийского автономного округа-Югры и Ямало-Ненецкого автономного округа),102.66,100,102.49,103.85,,98.02,100,96.21,102.89,,98.15,104.33,94.97,105.98,,94.9,104.33,90.77,104.86,
Челябинская область,155.81,,147.91,212.32,132.42,163.83,,157.98,225.5,135.68,142.85,,133.58,188.98,123.77,138.61,,130.43,172.69,123.96
Сибирский федеральный округ,126.01,119.94,129.02,122.62,127.84,123.52,117.96,125.82,120.72,128.73,120.13,113.57,121.85,118.11,124.58,117.97,116.51,119.42,115.7,125.32
Республика Алтай,153.42,,153.42,,,160.42,,160.42,,,155.76,,155.76,,,126.11,,126.11,,
Республика Тыва,120.71,143.12,120.13,119.49,112.5,110.85,122.67,110.95,109.85,105.88,107.51,103.53,107.24,108.91,100,110.11,100.41,108.61,113.47,100
Республика Хакасия,122.92,,117.08,123.6,,123.28,,111.44,124.76,,123.09,,106.67,125.13,,119.74,,103.6,121.76,
Алтайский край,130.69,111.3,132.25,124.27,141.67,132.34,114.19,132.12,133.05,140.88,120.13,108.75,119.21,121.72,128.05,118.3,115.52,116.01,118.65,134.09
Красноярский край,117.75,118.74,118.79,116.59,116.88,115.59,109.59,117.91,113.47,116.94,114.29,105.33,116.03,112.95,116.94,113.51,103.08,116.11,111.25,117.92
Иркутская область,114.33,112.91,115.86,110.4,101.5,113.54,100.65,114.71,110.61,104.38,110.42,100.65,111.55,107.56,100,106.82,100,107.42,105.4,100
Кемеровская область - Кузбасс,153.57,149.27,152.99,157.63,121.05,144.34,139.82,143.26,148.25,121.07,137.91,128.53,134.92,144.71,121.17,143.77,122.04,142.82,149.61,119.76
Новосибирская область,113.88,100,120.96,104.25,100.07,112.58,100,117.68,105.72,100,114.65,109,120.62,106.2,110,113.18,109,120,103.35,110
Омская область,126.98,113.12,131.32,124.63,121.52,124.85,113.85,127.07,123.46,126.54,126.19,118.95,125.62,127.23,133.35,123.16,126.9,120.88,124.5,130.49
Томская область,123.94,113.35,126.22,123.17,127.38,118.92,112.74,120.34,118.32,124.8,112.75,102.02,115.51,111.94,107.01,107.24,104.84,108.41,106.89,100.68
Дальневосточный федеральный округ,112.79,107.42,112.94,113.82,105.33,109.69,114.14,109.28,110.21,105.43,107.19,100.42,107.47,107.81,104.5,106.28,106.17,105.52,108.2,101.25
Республика Бурятия,117.4,102.37,117.09,118.72,,112.16,121.32,112.34,111.41,,111.8,123.77,110.54,112.84,,110.1,128.84,107.62,112.44,
Республика Саха (Якутия),104.48,119.05,104.48,103.71,,102.34,131.67,102.16,104.7,,102.46,90.6,102.57,100.9,,112.26,90.6,113.1,96.9,
Забайкальский край,114.39,,115.75,112.54,,111.79,,113.55,109.41,,106.93,,107.74,105.86,,102.49,,102.72,102.19,
Камчатский край,121.22,102.47,106.55,130.67,,114.89,101.28,105.95,120.91,,111.65,101.01,101.98,117.07,,108.03,101.07,109.67,108.05,
Приморский край,108.76,110.72,111.37,106.55,104.59,107.56,122.11,107.51,104.46,101.49,107.16,114.13,107.03,106.13,100.24,106.49,109.71,100.03,112.35,97.96
Хабаровский край,115.85,104.89,119.47,114.26,101.05,108.74,108.65,108.62,109.45,100.71,104.03,88.89,105.98,104.61,103.3,102.11,103.2,98.51,106.79,103.06
Амурская область,115.21,100.89,114.98,116.73,,113.93,96.59,113.37,117.52,,116.95,94.45,116.15,122.02,,109.54,96.57,109.26,111.34,
Магаданская область,135.25,,139.07,132.68,,127.28,,120.15,132.1,,124.77,,133.09,119.6,,124.56,,121.64,126.48,
Сахалинская область,109.6,118.38,109.89,107.2,110.29,114.31,118.38,115.78,107.09,114.2,106.36,110.02,106.19,105.14,109.74,101.73,101.31,101.81,100.97,102.53
Еврейская автономная область,123.03,,122.5,133.93,,120.88,,120.61,126.35,,118.68,,118.91,114.2,,123.15,,124.37,101.71,
nan,,низкого качества,квартиры среднего качества (типовые),улучшенного качества,элитные квартиры,,низкого качества,квартиры среднего качества (типовые),улучшенного качества,элитные квартиры,,низкого качества,квартиры среднего качества (типовые),улучшенного качества,элитные квартиры,,низкого качества,квартиры среднего качества (типовые),улучшенного качества,элитные квартиры
Российская Федерация,123.33,122.32,123.96,123.77,116.36,121.64,121.81,121.5,122.01,120.53,119.73,119.14,119.03,120.64,120.43,117.6,115.98,116.7,118.68,119.87
Центральный федеральный округ,124.88,137.37,124.87,126.37,117.58,122.37,132.32,121.57,122.12,123.04,119.5,128.25,118.82,118.51,122.61,117.25,124.64,116.68,115.66,122.38
Белгородская область,128.21,,127.12,129.12,,124.25,,121.08,126.91,,119.31,,116.55,121.66,,115.46,,112.57,117.92,
Брянская область,133.5,135.42,134.12,130.99,,127.89,131.72,126.91,129.73,,123.63,127.11,122.36,126.54,,119.88,122.42,118.46,123.65,
Владимирская область,143.0,,133.27,152.72,113.07,132.82,,124.2,141.59,108.98,127.13,,120.27,133.89,106.87,123.54,,117.14,129.77,105.86
Воронежская область,125.56,121.35,125.93,126.54,121.47,130.1,127.7,130.02,131.16,124.89,127.54,125.91,127.16,128.84,122.27,127.56,126.48,127.44,128.29,118.89
Ивановская область,121.69,105.14,123.42,121.16,107.44,121.84,103.05,120.51,126.23,107.36,120.93,104.19,118.48,127.06,106.59,117.69,117.09,114.27,124.84,106.22
Калужская область,131.15,96.51,134.75,121.48,,128.08,97.2,130.78,121.09,,126.86,103.09,128.1,125.11,,126.34,106.44,127.88,122.42,
Костромская область,121.06,105.15,125.49,119.68,109.99,123.49,109.89,127.28,122.61,111.47,121.75,111.07,125.31,120.9,109.95,118.83,106.82,121.87,118.01,109.96
Курская область,121.74,,120.51,122.13,125.44,119.36,,117.55,120.06,123.43,115.7,,115.21,115.7,119,112.68,,113.1,112.18,115.64
Липецкая область,131.77,,122.91,138.12,131.32,132.75,,123.83,138.8,133.42,130.11,,122.69,134.01,133.57,127.42,,120.99,130.33,131.67
Московская область,135.6,132.93,142.54,120.38,105.88,134.47,130.8,140.96,121.07,104.82,131.69,127.04,137.26,120.64,104.14,127.84,121.15,132.33,119.92,103.3
Орловская область,136.72,137.9,136.32,136.89,,129.63,134.98,131.35,128.62,,125.41,129.21,128.91,123.62,,123.43,123.37,127.17,121.65,
Рязанская область,129.62,148.87,133.85,125.23,121.2,131.66,138.48,139.62,128.23,128.07,127.15,132.9,131,124.57,128.07,124.74,128.11,127,122.81,128.92
Смоленская область,112.32,,108.26,116.86,,116.05,,115.87,116.24,,111.07,,113.34,108.79,,109.45,,110.87,108.01,
Тамбовская область,109.07,109.71,108.4,109.45,109.14,111.02,109.7,108.57,108.91,112.74,111.27,109.67,108.04,108.19,113.62,111.67,109.66,107.71,108.1,114.49
Тверская область,144.41,,137.77,143.94,152.66,140.41,,134.41,139.99,147.86,136.56,,130.85,137.66,142.74,129.88,,125.62,129.47,135.3
Тульская область,109.63,,115.63,106.45,,107.71,,113.06,104.83,,107.35,,112.01,104.81,,106.66,,110.84,104.37,
Ярославская область,119.7,118.25,115.12,122.78,112.09,119.78,109.08,118.29,121.6,115.79,118.89,106.27,115.56,120.23,120.68,116.85,107.91,118.25,117.15,115.65
Город Москва столица Российской Федерации город федерального значения,121.48,,117.01,126.73,117.14,117.36,,111.45,118.65,123.36,114.82,,109.73,114.64,122.82,112.75,,108.31,111.23,122.88
Северо-Западный федеральный округ,132.03,119.25,141.77,123.27,119.13,125.98,119.16,129.09,122.48,125.54,122.58,117.06,123.06,122.26,124.3,117.15,111.25,115.4,119.65,122.11
Республика Карелия,127.49,100,138.03,115.64,93.13,124.42,100,131.26,117.13,92.7,122.12,100,128.21,115.67,92.78,118.87,100,123.27,114.23,94.59
Республика Коми,119.69,113.26,114.17,124.88,108.98,120.6,107.98,117.72,124.37,108.45,121.88,110.12,118.13,126.29,109.23,123.42,110.48,118.84,128.79,107.94
Архангельская область,114.74,108.14,119.64,109.71,107.04,112.82,107.56,115.72,109.96,107.23,110.99,106.66,113.03,109.03,107.25,109.84,104.89,111.5,108.48,105.92
Ненецкий автономный округ (Архангельская область),116.09,,116.09,,,112.29,,112.29,,,112.14,,112.14,,,112.77,,112.77,,
Архангельская область (кроме Ненецкого автономного округа),114.68,108.14,119.98,109.71,107.04,112.84,107.56,116.06,109.96,107.23,110.94,106.66,113.12,109.03,107.25,109.69,104.89,111.38,108.48,105.92
Вологодская область,112.11,,108.72,118,,110.91,,107.39,117.17,,110.54,,106.86,117.13,,110.1,,107.2,115.2,
Калининградская область,139.72,119.83,133.3,149.47,155.74,143.23,116.27,138.01,150.13,162.45,138.27,112.26,129.71,144.02,166.56,133.91,109.24,125.15,138.21,162.88
Ленинградская область,115.46,106.25,126.49,103.72,100,115.71,106.25,125.83,105.08,100.44,114.81,106.01,122.86,106.39,101.23,112.69,105.86,118.61,106.37,101.59
Мурманская область,142.93,,140.12,148.09,,139.38,,134.72,148.08,,134.38,,129.37,143.69,,126.26,,122.37,133.47,
Новгородская область,124.69,122.16,122.22,128.03,,120.46,119.06,119.53,121.82,,119.16,117.42,115.83,123.6,,118.37,113.94,115.5,122.55,
Псковская область,112.96,118.99,115.59,106.09,,119.13,118.99,123.86,108.17,,121.32,120.79,126.32,109.75,,120.12,123.99,124.3,109.81,
Город Санкт-Петербург город федерального значения,136.67,121.25,154.23,122.13,116.02,126.16,121.93,131.15,120.12,123.28,121.65,119.66,122.68,120.73,120.69,114.08,112.38,111.6,117.44,118.07
Южный федеральный округ,122.66,123.05,119.19,127.55,114.94,121.24,119.14,118.45,125.37,116.92,118.9,115.82,116.6,122.34,116.76,116.91,112.49,114.49,120.58,116.38
Республика Адыгея (Адыгея),166.82,152.77,150.57,193.96,,159.86,152.62,150.87,172.92,,144.07,141.91,136.9,152.32,,128.42,127.52,126.06,131.12,
Республика Калмыкия,123.44,110,119.46,140.58,,121.34,110,116.62,141.78,,115.67,106.45,111.88,131.48,,113.32,104.76,110.05,126.89,
Республика Крым,110.23,100,108.71,123.87,106.33,109.73,100,107.83,126.25,106.33,109.1,100,107.06,126.56,106.33,109.08,100,107.75,120.64,105.03
Краснодарский край,145.33,131.47,141.56,150.55,,129.72,117.26,128.43,132.93,,116.65,110.93,115.56,118.37,,113.84,106.55,106.21,120.61,
Астраханская область,115.89,102.51,121.16,105.12,100.49,119.04,102.51,125.24,106.34,100.53,117.69,102.51,123.21,106.3,100.52,114.72,102.48,119.1,105.57,100.52
Волгоградская область,120.46,126.5,117.05,121.86,123.09,120.52,124.18,116.4,122.83,123.59,118.93,122.33,115.16,120.97,121.95,117.8,120.61,113.59,120.32,120.86
Ростовская область,117.21,109.8,117.25,118.94,106.19,118.31,106.77,118.3,120.41,111.76,119.43,105.86,119.57,121.61,114.03,118.55,105.69,118.93,120.27,114.94
Город федерального значения Севастополь,108.21,,108.55,107.27,,106.56,,107.16,104.91,,105.79,,105.92,105.41,,104.67,,104.91,104,
Северо-Кавказский федеральный округ,109.79,123.13,110.29,110.8,102.06,108.38,123.74,108.51,110.01,101.16,107.71,121.26,107.83,109.57,100.04,107.53,119.49,107.94,108.91,99.28
Республика Дагестан,119.7,100,121.57,118.09,,115.89,100,120.43,111.44,,114.73,100,118.36,111.18,,114.18,100,117.45,110.95,
Республика Ингушетия,112.95,,112.73,113.89,,112.56,,112.61,112.37,,109.11,,109.27,108.46,,107.01,,107.24,106.08,
Кабардино-Балкарская Республика,129.51,202.48,135.19,123.64,100.89,123.6,202.48,127.07,118.8,100.89,125.95,200.98,130.55,113.43,105.51,123.01,200.23,126.83,110.37,105.57
Карачаево-Черкесская Республика,136.5,135.87,142.64,119.89,,131.59,135.87,137.87,112.71,,129.55,126.48,138.34,108.13,,123.57,118.63,131.01,105.97,
Республика Северная Осетия-Алания,108.31,107.4,109.32,106.57,100,109.91,107.4,111.25,108.66,100,108.74,104.81,110.17,108.09,100,109.0,103.57,110.81,107.99,100
Чеченская Республика,106.54,,106.35,109.16,102.19,104.82,,104.43,107.63,101.2,103.94,,103.64,106.84,99.64,104.05,,104.21,106.04,98.8
Ставропольский край,122.36,124.35,135.65,111.97,,125.84,126.59,137.47,116.95,,126.04,125.89,135.6,118.67,,124.74,124.45,132.57,118.62,
Приволжский федеральный округ,123.44,124.89,121.88,127.27,106.45,123.7,125.08,122.49,126.48,111.17,122.63,122.41,120.59,126.42,114.65,121.38,118.57,120.07,124.31,115.62
Республика Башкортостан,118.72,114.22,118.28,120.02,110.2,120.27,114.15,120.28,120.96,112.34,120.02,114.14,119.95,120.82,111.08,118.9,111.84,118.49,120.36,109.87
Республика Марий Эл,133.46,,134.81,132.69,,132.66,,132.25,132.89,,132.59,,132.11,132.87,,130.31,,129,131.06,
Республика Мордовия,133.03,124.12,134.49,133.4,,130.0,118.69,129.36,132.63,,129.16,116.57,127.2,133.15,,128.08,112.92,127.28,131.55,
Республика Татарстан (Татарстан),127.27,119.04,120.17,137.93,143.18,126.33,117.97,118.87,137.55,138.46,126.81,116.88,118.84,139.11,139.52,124.92,113.43,119.3,133.77,129.32
Удмуртская Республика,115.82,115.3,115.46,116.24,,115.04,117.6,115.08,114.01,,114.6,114.61,115.21,114.23,,113.92,111.72,114.64,114.36,
Чувашская Республика - Чувашия,156.65,,159.48,153.17,,148.15,,149.06,147,,144.54,,150.33,137.74,,140.19,,144.73,134.72,
Пермский край,114.51,112.47,114.78,113.18,100.27,119.47,110.8,120.05,111.85,100.27,118.73,109.88,119.3,109.91,101.95,116.81,108.45,117.32,108.63,102.79
Кировская область,135.95,174.02,140.55,130.43,113.7,132.14,166.76,135.24,127.66,112.61,130.59,161.84,133.67,126.6,109.83,126.48,138.22,126.35,126.15,107.33
Нижегородская область,125.25,128.49,129.96,120.81,111.22,124.02,129.62,127.77,119.6,109.58,122.86,126.1,125.47,120.05,110.15,120.56,122.74,122.66,118.41,110.15
Оренбургская область,105.25,101.26,107.89,106.25,96.82,106.1,101.54,106.56,109.32,97.93,106.89,101.71,107.44,110.3,98.8,107.85,101.74,107.12,112.78,100.42
Пензенская область,101.59,,97.41,113.07,,107.54,,105.83,111.92,,82.21,,74.52,109.91,,89.42,,82.85,111.09,
Самарская область,117.91,103.14,116.32,118.31,129.78,117.24,103.14,116.59,116.31,127.47,116.11,103.08,116.69,113.78,122.85,114.54,103,115.3,112.05,120.52
Саратовская область,125.96,165.75,131.08,152.28,94.39,131.48,156.13,136.44,150.03,103.44,131.88,146.24,136.46,140.97,110.35,131.91,142.22,135.6,138.37,115.01
Ульяновская область,112.88,104.57,113.36,113.34,,114.72,104.62,116.12,114.03,,116.53,106.13,118.38,115.21,,116.47,106.73,118.16,115.27,
Уральский федеральный округ,120.23,118.95,118.74,122.63,128.47,120.88,119.1,120.3,121.77,125.27,119.69,118.73,118.53,121.73,124.22,117.84,117.5,116.41,120.25,123.35
Курганская область,123.69,,124.19,114.82,,130.37,,131.25,115,,125.75,,126.32,115.35,,122.79,,123.19,115.36,
Свердловская область,120.38,124.41,119.16,121.13,125.7,120.51,123.68,120.65,120.15,119.21,119.51,122.56,118.61,120.35,119.93,117.88,120.51,116.73,118.96,119.67
Тюменская область,112.94,105.26,113.37,112.55,,111.54,107.16,111.91,110.48,,111.92,108.53,112.38,109.87,,110.29,109.25,110.52,109.01,
Ханты-Мансийский автономный округ - Югра (Тюменская область),112.44,105.08,112.69,113.36,,111.44,107.09,111.8,110.5,,111.53,108.54,111.93,109.81,,110.18,109.15,110.37,109.18,
Ямало-Ненецкий автономный округ (Тюменская область),117.65,110.17,118.22,113.55,,114.79,112.37,114.8,115.3,,116.65,113.1,116.97,114.17,,113.58,114.6,113.78,111.05,
Тюменская область (кроме Ханты-Мансийского автономного округа-Югры и Ямало-Ненецкого автономного округа),102.66,100,102.49,103.85,,100.33,100,99.33,103.37,,99.59,101.44,97.86,104.25,,98.41,102.17,96.07,104.4,
Челябинская область,155.81,,147.91,212.32,132.42,159.88,,153.02,219.06,134.07,153.62,,145.77,207.66,130.39,149.48,,141.49,197.41,128.7
Сибирский федеральный округ,126.01,119.94,129.02,122.62,127.84,124.74,118.93,127.38,121.65,128.29,123.13,117.07,125.45,120.42,126.97,121.76,116.92,123.83,119.18,126.52
Республика Алтай,153.42,,153.42,,,157.01,,157.01,,,156.55,,156.55,,,147.06,,147.06,,
Республика Тыва,120.71,143.12,120.13,119.49,112.5,115.58,132.11,115.37,114.46,109.09,112.69,120.98,112.49,112.47,105.88,111.99,115.08,111.44,112.74,104.35
Республика Хакасия,122.92,,117.08,123.6,,123.1,,114.19,124.18,,123.1,,111.56,124.51,,122.22,,109.44,123.79,
Алтайский край,130.69,111.3,132.25,124.27,141.67,131.53,112.73,132.19,128.76,141.27,127.57,111.37,127.71,126.28,136.48,125.08,112.42,124.58,124.23,135.81
Красноярский край,117.75,118.74,118.79,116.59,116.88,116.65,113.99,118.34,115,116.91,115.83,110.99,117.54,114.29,116.92,115.21,108.88,117.16,113.48,117.18
Иркутская область,114.33,112.91,115.86,110.4,101.5,113.93,106.43,115.28,110.51,102.92,112.72,104.43,113.99,109.51,101.93,111.17,103.29,112.26,108.44,101.44
Кемеровская область - Кузбасс,153.57,149.27,152.99,157.63,121.05,148.73,144.3,147.85,152.73,121.06,144.92,138.78,143.24,149.96,121.1,144.62,134.09,143.13,149.87,120.74
Новосибирская область,113.88,100,120.96,104.25,100.07,113.22,100,119.3,105,100.03,113.7,103,119.75,105.4,103.36,113.57,104.5,119.82,104.88,105.02
Омская область,126.98,113.12,131.32,124.63,121.52,125.89,113.48,129.13,124.03,124.04,126.0,115.34,127.88,125.15,127.38,125.22,118.34,125.95,124.97,128.22
Томская область,123.94,113.35,126.22,123.17,127.38,121.35,113.04,123.19,120.67,126.08,118.32,109.07,120.46,117.6,119.01,115.33,107.97,117.2,114.72,113.83
Дальневосточный федеральный округ,112.79,107.42,112.94,113.82,105.33,111.22,110.8,111.08,112,105.38,109.84,107.14,109.85,110.56,105.08,108.91,106.88,108.72,109.95,104.09
Республика Бурятия,117.4,102.37,117.09,118.72,,114.7,111.86,114.65,114.95,,113.7,115.78,113.22,114.22,,112.75,119.12,111.73,113.75,
Республика Саха (Якутия),104.48,119.05,104.48,103.71,,103.4,125.04,103.31,104.2,,103.08,110.98,103.06,103.08,,105.43,105.07,105.62,101.47,
Забайкальский край,114.39,,115.75,112.54,,113.07,,114.63,110.95,,110.95,,112.27,109.18,,108.72,,109.76,107.33,
Камчатский край,121.22,102.47,106.55,130.67,,118.04,101.87,106.25,125.77,,115.8,101.58,104.82,122.65,,113.74,101.45,106.07,118.7,
Приморский край,108.76,110.72,111.37,106.55,104.59,108.16,116.36,109.4,105.5,103.02,107.82,115.59,108.58,105.71,102.07,107.48,114.03,106.42,107.34,101.01
Хабаровский край,115.85,104.89,119.47,114.26,101.05,112.27,106.81,113.99,111.85,100.88,109.42,100.35,111.2,109.39,101.69,107.47,101.09,107.75,108.71,102.03
Амурская область,115.21,100.89,114.98,116.73,,114.56,98.71,114.16,117.13,,115.37,97.26,114.83,118.75,,113.86,97.09,113.4,116.81,
Магаданская область,135.25,,139.07,132.68,,131.04,,129.06,132.37,,128.78,,130.47,127.67,,127.59,,127.98,127.34,
Сахалинская область,109.6,118.38,109.89,107.2,110.29,111.94,118.38,112.82,107.14,112.21,110.04,115.45,110.56,106.47,111.37,107.88,111.55,108.29,105.04,109
Еврейская автономная область,123.03,,122.5,133.93,,121.93,,121.53,130.03,,120.76,,120.59,124.23,,121.41,,121.6,117.66,
